{"rows":[{"venue_name":"Harris Grill","venue_address":"5747 Ellsworth, Pittsburgh, PA","website":"","phone":"","email":"","validated":true,"publish":false,"cartodb_id":62},{"venue_name":"Labriola's Italian Market","venue_address":"605 Freeport Road Aspinwall, Pa 15215","website":"","phone":"","email":"","validated":false,"publish":false,"cartodb_id":110},{"venue_name":"Option Independent Fire Company","venue_address":"825 Streets Run Road, Pittsburgh, PA","website":"","phone":"","email":"","validated":false,"publish":false,"cartodb_id":129},{"venue_name":"St. Joseph, Roscoe","venue_address":"105 Good St. Roscoe, PA","website":"","phone":"","email":"","validated":false,"publish":false,"cartodb_id":36},{"venue_name":"St. John the Baptist Orthodox - SEE DATES","venue_address":"211 Cable Avenue, East Pittsburgh, PA","website":"","phone":"","email":"","validated":false,"publish":false,"cartodb_id":175},{"venue_name":"Prince of Peace, South Side","venue_address":"81 S. 13th St. Pittsburgh, PA","website":"","phone":"","email":"","validated":false,"publish":false,"cartodb_id":25},{"venue_name":"St. Joseph Lucinda","venue_address":"112 Rectory Ln, Lucinda, PA 16235","website":"","phone":"","email":"","validated":false,"publish":false,"cartodb_id":59},{"venue_name":"Pitcairn Station 230","venue_address":"557 Broadway Blvd., Pitcairn, Pa 15140","website":"","phone":"","email":"","validated":false,"publish":false,"cartodb_id":147},{"venue_name":"St. Luke","venue_address":"421 East 38th STreet, Erie, PA","website":"","phone":"","email":"","validated":false,"publish":false,"cartodb_id":60},{"venue_name":"Centerville American Legion Post 705","venue_address":"1101 Old National Pike Fredericktown PA 15333","website":"","phone":"","email":"","validated":false,"publish":false,"cartodb_id":141},{"venue_name":"American Legion Post 868","venue_address":"1100 Wildlife Lodge Rd., Lower Burrell, PA","website":"","phone":"","email":"","validated":false,"publish":false,"cartodb_id":88},{"venue_name":"Nox's Tavern and Grill","venue_address":"720 Blaw Ave Pittsburgh, Pennsylvania","website":"","phone":"","email":"","validated":false,"publish":false,"cartodb_id":106},{"venue_name":"Bell Township VFD","venue_address":"207 Main Street, Salina, PA 15680","website":"","phone":"","email":"","validated":false,"publish":false,"cartodb_id":157},{"venue_name":"Sciullo's 910 Deli and Catering","venue_address":"4358 Gibsonia Road, Gibsonia, PA","website":"","phone":"","email":"","validated":false,"publish":false,"cartodb_id":72},{"venue_name":"Chippewa VFD","venue_address":"2568 Darlington Rd, Beaver Falls, PA 15010","website":"","phone":"","email":"","validated":false,"publish":false,"cartodb_id":112},{"venue_name":"Norvelt VFD","venue_address":"2325 Mount Pleasant Rd Mount Pleasant, Pennsylvania","website":"","phone":"","email":"","validated":false,"publish":false,"cartodb_id":113},{"venue_name":"Labriola's Italian Market","venue_address":"4039 Monroeville Blvd Monroeville, Pa 15146","website":"","phone":"","email":"","validated":false,"publish":false,"cartodb_id":109},{"venue_name":"Hempfield #2 VFD","venue_address":"421 Thornton, Greensburg, PA","website":"","phone":"","email":"","validated":false,"publish":false,"cartodb_id":149},{"venue_name":"Spitfirez","venue_address":"316 Airbrake Avenue, Wilmerding, PA","website":"","phone":"","email":"","validated":false,"publish":false,"cartodb_id":80},{"venue_name":"Pitcairn Hose Company","venue_address":"100 Center Ave., Pitcairn, PA","website":"","phone":"","email":"","validated":false,"publish":false,"cartodb_id":146},{"venue_name":"Pirollos Deli","venue_address":"307 Hulton Rd, Verona, Pa. 15147","website":"","phone":"","email":"","validated":false,"publish":false,"cartodb_id":150},{"venue_name":"Pizzarita","venue_address":"580 Burchfield Rd., Allison Park, PA","website":"","phone":"","email":"","validated":false,"publish":false,"cartodb_id":79},{"venue_name":"Arnold Volunteer Fire Company","venue_address":"601 Drey St., Arnold, PA","website":"","phone":"","email":"","validated":false,"publish":false,"cartodb_id":87},{"venue_name":"Holy Spirit (Millvale)","venue_address":"608 Farragut Street Pittsburgh, PA 15212","website":"","phone":"","email":"","validated":false,"publish":false,"cartodb_id":14},{"venue_name":"Bobtown and Dunkard Twp Volunteer Fire","venue_address":"1 Lamier Ave Bobtown, Pa 15315","website":"","phone":"","email":"","validated":false,"publish":false,"cartodb_id":169},{"venue_name":"Our Lady of Peace, Conway","venue_address":"1000 Third Ave. Conway, PA","website":"","phone":"","email":"","validated":false,"publish":false,"cartodb_id":23},{"venue_name":"St. Paul's Episcopal Church","venue_address":"130 West Main Street Monongahela, PA 15063","website":"","phone":"","email":"","validated":false,"publish":false,"cartodb_id":114},{"venue_name":"St. Stephen's McKeesport","venue_address":"220 8th St., Mckeesport, PA","website":"","phone":"","email":"","validated":false,"publish":false,"cartodb_id":78},{"venue_name":"St. Mary of the Mount Church - Sullivan Hall","venue_address":"131 Bigham, Pittsburgh, PA","website":"","phone":"","email":"","validated":false,"publish":false,"cartodb_id":178},{"venue_name":"Beaver Falls Elks Lodge 348","venue_address":"1000 6th avenue Beaver Falls Pa 15010","website":"","phone":"","email":"","validated":false,"publish":false,"cartodb_id":165},{"venue_name":"Coy's Pizza Shop","venue_address":"2845 Old Rte 56, Homer City, PA","website":"","phone":"","email":"","validated":false,"publish":false,"cartodb_id":136},{"venue_name":"Belle Vernon Volunteer Fire Department","venue_address":"207 Main Street Salina, PA 15680","website":"","phone":"","email":"","validated":false,"publish":false,"cartodb_id":167},{"venue_name":"Blairsville Fire Department","venue_address":"51 West Campbell Street, Blairsville, PA","website":"","phone":"","email":"","validated":false,"publish":false,"cartodb_id":168},{"venue_name":"Lone Pine VFD Station 50","venue_address":"330 weaver run Rd Washington pa 15301","website":"","phone":"","email":"","validated":false,"publish":false,"cartodb_id":115},{"venue_name":"Washington Township VFC","venue_address":"1314 Axton St Belle Vernon, Pennsylvania","website":"","phone":"","email":"","validated":false,"publish":false,"cartodb_id":120},{"venue_name":"Robert Wholey & Co Inc","venue_address":"1711 Penn Avenue, Pittsburgh, PA","website":"","phone":"","email":"","validated":false,"publish":false,"cartodb_id":99},{"venue_name":"Nemacolin Fire Department","venue_address":"200 Roosevelt Ave, Nemacolin Pa 15351","website":"","phone":"","email":"","validated":false,"publish":false,"cartodb_id":131},{"venue_name":"Immaculate Conception, Washington","venue_address":"119 W. Chestnut St., Washington, PA","website":"","phone":"","email":"","validated":false,"publish":false,"cartodb_id":16},{"venue_name":"Holy Sepulcher, Glade Mills","venue_address":"1304 E. Cruikshank Road Glade Mills, PA","website":"","phone":"","email":"","validated":false,"publish":false,"cartodb_id":13},{"venue_name":"Blaine Hill VFD","venue_address":"409 Oxford ave, Elizabeth, PA","website":"","phone":"","email":"","validated":false,"publish":false,"cartodb_id":104},{"venue_name":"West Wilmerding","venue_address":"330 Kline ave, North Versailles, PA","website":"","phone":"","email":"","validated":false,"publish":false,"cartodb_id":108},{"venue_name":"St. Brigid","venue_address":"383 Arch Street, Meadville, PA","website":"","phone":"","email":"","validated":false,"publish":false,"cartodb_id":57},{"venue_name":"Northside Catholic School","venue_address":"3854 Brighton Rd.","website":"","phone":"","email":"","validated":false,"publish":false,"cartodb_id":174},{"venue_name":"Holy Spirit (West Mifflin)","venue_address":"2603 Old Elizabeth Road West Mifflin, Pa. 15122","website":"","phone":"","email":"","validated":false,"publish":false,"cartodb_id":15},{"venue_name":"Keith Heinritz Katering","venue_address":"209 Brinton Ave, Trafford, PA","website":"","phone":"","email":"","validated":false,"publish":false,"cartodb_id":145},{"venue_name":"St. Ferdinand","venue_address":"2535 Rochester Rd Cranberry Township, PA","website":"","phone":"","email":"","validated":false,"publish":false,"cartodb_id":107},{"venue_name":"Paintertown VFC","venue_address":"1010 tray rd north huntington, pa","website":"","phone":"","email":"","validated":false,"publish":false,"cartodb_id":126},{"venue_name":"Muse Italian Club","venue_address":"283 Muse-Bishop Road, Muse, PA","website":"","phone":"","email":"","validated":false,"publish":false,"cartodb_id":116},{"venue_name":"Nied's Hotel","venue_address":"5438 Butler St, Pittsburgh, PA 15201","website":"","phone":"","email":"","validated":false,"publish":false,"cartodb_id":163},{"venue_name":"St. Anthony","venue_address":"804 Idaho St. , Sharon , PA 16146","website":"","phone":"","email":"","validated":false,"publish":false,"cartodb_id":55},{"venue_name":"St. Stephen, Hazelwood","venue_address":"134 East Elizabeth St. Pittsburgh, PA","website":"","phone":"","email":"","validated":false,"publish":false,"cartodb_id":46},{"venue_name":"California VFD","venue_address":"1000 Wood Street, California PA","website":"","phone":"","email":"","validated":false,"publish":false,"cartodb_id":172},{"venue_name":"Brown Chapel AME Church","venue_address":"1400 Boyle St. Pittsburgh, PA","website":"","phone":"","email":"","validated":false,"publish":false,"cartodb_id":170},{"venue_name":"Salem Township FD","venue_address":"128 Main Street, Slickville, Pa. 15684","website":"","phone":"","email":"","validated":false,"publish":false,"cartodb_id":132},{"venue_name":"St. Mark/Liberty Borough","venue_address":"3210 Liberty Way Liberty Borough, PA","website":"","phone":"","email":"","validated":false,"publish":false,"cartodb_id":39},{"venue_name":"St. Therese of Lisieux, Munhall","venue_address":"3 St. Therese Court Pittsburgh, PA","website":"","phone":"","email":"","validated":false,"publish":false,"cartodb_id":48},{"venue_name":"Trinity Lutheran","venue_address":"3102 Sherwood Ave., Sheraden, PA","website":"","phone":"","email":"","validated":false,"publish":false,"cartodb_id":153},{"venue_name":"Doublewide Grill (North Huntingdon)","venue_address":"8695 U.S. Hwy 30, Irwin, PA","website":"","phone":"","email":"","validated":false,"publish":false,"cartodb_id":85},{"venue_name":"Allegheny Elks Lodge #339","venue_address":"400 Cedar Avenue, Pittsburgh, PA","website":"","phone":"","email":"","validated":false,"publish":false,"cartodb_id":101},{"venue_name":"Larimer VFD","venue_address":"1340 Brownstown Rd., Larimer, PA","website":"","phone":"","email":"","validated":false,"publish":false,"cartodb_id":148},{"venue_name":"Fayette City VFC","venue_address":"340 Second Street, Fayette City, PA 15438","website":"","phone":"","email":"","validated":false,"publish":false,"cartodb_id":128},{"venue_name":"Lloydsville VFD","venue_address":"208 Dickens Street, Latrobe, PA 15650","website":"","phone":"","email":"","validated":false,"publish":false,"cartodb_id":130},{"venue_name":"Highland Hose Volunteer Fire Company","venue_address":"401 East 8th Avenue, Tarentum, PA","website":"","phone":"","email":"","validated":false,"publish":false,"cartodb_id":73},{"venue_name":"Kiski Township Fire Department #1","venue_address":"1263 Old State Road Apollo, Pa. 15613","website":"","phone":"","email":"","validated":false,"publish":false,"cartodb_id":17},{"venue_name":"Swissvale Fire Department","venue_address":"7400 Irvine Street, Pittsburgh, PA 15218","website":"","phone":"","email":"","validated":false,"publish":false,"cartodb_id":100},{"venue_name":"Doublewide Grill (South Side)","venue_address":"2339 East Carson Street, Pittsburgh, PA","website":"","phone":"","email":"","validated":false,"publish":false,"cartodb_id":84},{"venue_name":"Original Oyster House","venue_address":"20 Market Square, Pittsburgh, PA 15222","website":"","phone":"","email":"","validated":false,"publish":false,"cartodb_id":64},{"venue_name":"Elwood's Pub","venue_address":"163 Little Deer Creek Rd., Rural Ridge, PA","website":"","phone":"","email":"","validated":false,"publish":false,"cartodb_id":82},{"venue_name":"St. Boniface","venue_address":"359 Main Street, Kersey, PA","website":"","phone":"","email":"","validated":false,"publish":false,"cartodb_id":56},{"venue_name":"Our Lady of the Valley, Donora","venue_address":"1 Park Manor Rd. Donora, PA","website":"","phone":"","email":"","validated":false,"publish":false,"cartodb_id":24},{"venue_name":"Fire Department of North Versailles at the South Wilmerding Social Club","venue_address":"830 Sylvan Ave., North Versailles, PA","website":"","phone":"","email":"","validated":false,"publish":false,"cartodb_id":151},{"venue_name":"Apollo Hose Company #2","venue_address":"325 N 4th St, Apollo, PA 15613","website":"","phone":"","email":"","validated":false,"publish":false,"cartodb_id":160},{"venue_name":"Bridgeville Volunteer Fire Department","venue_address":"370 Commercial Street, Bridgeville, PA","website":"","phone":"","email":"","validated":false,"publish":false,"cartodb_id":95},{"venue_name":"Rennerdale VFD","venue_address":"30 Suburban Ave., Rennerdale, PA 15106","website":"","phone":"","email":"","validated":false,"publish":false,"cartodb_id":65},{"venue_name":"St. Sava","venue_address":"901 Hartman, Mckeesport, PA","website":"","phone":"","email":"","validated":false,"publish":false,"cartodb_id":105},{"venue_name":"Manor Volunteer Fire Department","venue_address":"44 Main St, Manor, PA 15665","website":"","phone":"","email":"","validated":false,"publish":false,"cartodb_id":94},{"venue_name":"St. Norbert, Overbrook","venue_address":"2413 St. Norberts St. Pittsburgh, PA","website":"","phone":"","email":"","validated":false,"publish":false,"cartodb_id":42},{"venue_name":"St. Athanasius: Church--GOOD FRIDAY ONLY","venue_address":"7 Chalfonte Ave., West View, PA","website":"","phone":"","email":"","validated":false,"publish":false,"cartodb_id":177},{"venue_name":"St Gregory Russian Orthodox Church","venue_address":"214 E. 15th Ave, Homestead, PA 15120","website":"","phone":"","email":"","validated":false,"publish":false,"cartodb_id":179},{"venue_name":"Our Lady of Most Blessed Sacrament, Natrona Heights","venue_address":"800 Montana Ave. Natrona Heights, PA","website":"","phone":"","email":"","validated":false,"publish":false,"cartodb_id":3},{"venue_name":"North American Martyrs School, Monroeville","venue_address":"2526 Haymaker Road Monroeville, PA","website":"","phone":"","email":"","validated":false,"publish":false,"cartodb_id":19},{"venue_name":"Immaculate Heart of Mary","venue_address":"100 Penn Avenue, Mercer, PA","website":"","phone":"","email":"","validated":false,"publish":false,"cartodb_id":54},{"venue_name":"Our Lady of Joy, Holiday Park","venue_address":"2000 O’Block Road Holiday Park, PA","website":"","phone":"","email":"","validated":false,"publish":false,"cartodb_id":22},{"venue_name":"St. Titus, Aliquippa","venue_address":"952 Franklin Ave. Aliquippa, PA","website":"","phone":"","email":"","validated":false,"publish":false,"cartodb_id":50},{"venue_name":"St. Valentine, Bethel Park","venue_address":"2710 Ohio St. Bethel Park, PA","website":"","phone":"","email":"","validated":false,"publish":false,"cartodb_id":51},{"venue_name":"Ascension (Ingram)","venue_address":"114 Berry St. Pittsburgh, Pa. 15205","website":"","phone":"","email":"","validated":false,"publish":false,"cartodb_id":6},{"venue_name":"Our Lady of Lourdes","venue_address":"1109 Main St. Burgettstown, PA","website":"","phone":"","email":"","validated":false,"publish":false,"cartodb_id":2},{"venue_name":"Our Lady of Grace, Scott Township","venue_address":"310 Kane Blvd. Scott Township, PA","website":"","phone":"","email":"","validated":false,"publish":false,"cartodb_id":21},{"venue_name":"St. Mary Orthodox Church","venue_address":"105 S. 19th St. Pittsburgh, PA 15203","website":"","phone":"","email":"","validated":false,"publish":false,"cartodb_id":69},{"venue_name":"St. Albert the Great (Baldwin)","venue_address":"3171 Churchview Ave. Pittsburgh, PA 15227","website":"","phone":"","email":"","validated":false,"publish":false,"cartodb_id":4},{"venue_name":"Queen of the Rosary, Glassport","venue_address":"530 Michigan Ave. Glassport, PA","website":"","phone":"","email":"","validated":false,"publish":false,"cartodb_id":26},{"venue_name":"St. Elizabeth Ann Seton, Carnegie","venue_address":"330 3rd Ave. Carnegie, Pa. 15106","website":"","phone":"","email":"","validated":false,"publish":false,"cartodb_id":5},{"venue_name":"Christ United Methodist Church","venue_address":"44 Highland Road Bethel Park, Pa. 15102","website":"","phone":"","email":"","validated":false,"publish":false,"cartodb_id":7},{"venue_name":"Epiphany (Uptown)","venue_address":"164 Washington Place Pittsburgh, Pa. 15219","website":"","phone":"","email":"","validated":false,"publish":false,"cartodb_id":9},{"venue_name":"Holy Angels (Hays)","venue_address":"408 Baldwin Road Pittsburgh, Pa. 15207","website":"","phone":"","email":"","validated":false,"publish":false,"cartodb_id":11},{"venue_name":"Holy Child (Bridgeville)","venue_address":"220 Station St. Bridgeville, Pa. 15017","website":"","phone":"","email":"","validated":false,"publish":false,"cartodb_id":12},{"venue_name":"Madonna del Castello, Swissvale","venue_address":"2021 S. Braddock Ave. Pittsburgh, PA 15218","website":"","phone":"","email":"","validated":false,"publish":false,"cartodb_id":18},{"venue_name":"Our Lady of Fatima, Hopewell Township","venue_address":"2270 Brodhead Road Hopewell Township, PA","website":"","phone":"","email":"","validated":false,"publish":false,"cartodb_id":20},{"venue_name":"American Legion Post 902","venue_address":"124 West Pike St., Houston, PA","website":"","phone":"","email":"","validated":false,"publish":false,"cartodb_id":159},{"venue_name":"SS. Simon and Jude, Scott Township","venue_address":"1607 Greentree Road Scott Township, PA","website":"","phone":"","email":"","validated":false,"publish":false,"cartodb_id":30},{"venue_name":"St. Agnes/Holy Trinity","venue_address":"622 St. Agnes Lane West Mifflin, Pa. 15122","website":"","phone":"","email":"","validated":false,"publish":false,"cartodb_id":31},{"venue_name":"St. Maurice, Forest Hills","venue_address":"2001 Ardmore Blvd. Forest Hill, PA","website":"","phone":"","email":"","validated":false,"publish":false,"cartodb_id":40},{"venue_name":"St. Alphonsus (Wexford)","venue_address":"201 Church St. Wexford, Pa. 15090","website":"","phone":"","email":"","validated":false,"publish":false,"cartodb_id":32},{"venue_name":"St. Philip, Crafton","venue_address":"50 W. Crafton Ave. Crafton, PA","website":"","phone":"","email":"","validated":false,"publish":false,"cartodb_id":43},{"venue_name":"St. Ann, Waynesburg","venue_address":"232 E. High St. Waynesburg, PA","website":"","phone":"","email":"","validated":false,"publish":false,"cartodb_id":33},{"venue_name":"St. Colman, Turtle Creek","venue_address":"100 Tri-Boro Ave. Turtle Creek, Pa. 15145","website":"","phone":"","email":"","validated":false,"publish":false,"cartodb_id":34},{"venue_name":"Faith Lutheran Church","venue_address":"6810 Rt. 22 Highway East New Florence, PA. 15944","website":"","phone":"","email":"","validated":false,"publish":false,"cartodb_id":142},{"venue_name":"Level Green VFD","venue_address":"536 State Route 130 Level Green, Pennsylvania","website":"","phone":"","email":"","validated":false,"publish":false,"cartodb_id":89},{"venue_name":"Hookstown Volunteer Fire Department","venue_address":"102 Silver Slipper Rd Hookstown, Pennsylvania","website":"","phone":"","email":"","validated":false,"publish":false,"cartodb_id":81},{"venue_name":"St. James, Sewickley","venue_address":"200 Walnut St. Sewickley, Pa. 15143","website":"","phone":"","email":"","validated":false,"publish":false,"cartodb_id":35},{"venue_name":"Oakmont Elks","venue_address":"106 Washington Ave., Oakmont, PA","website":"","phone":"","email":"","validated":false,"publish":false,"cartodb_id":75},{"venue_name":"St. Joseph, Verona","venue_address":"825 Second St. Verona, PA","website":"","phone":"","email":"","validated":false,"publish":false,"cartodb_id":37},{"venue_name":"St. Malachy, Kennedy Township","venue_address":"343 Forest Grove Road Kennedy Township, PA","website":"","phone":"","email":"","validated":false,"publish":false,"cartodb_id":38},{"venue_name":"St. Nicholas Serbian Orthodox","venue_address":"2110 Haymaker Road, Monroeville, PA","website":"","phone":"","email":"","validated":false,"publish":false,"cartodb_id":66},{"venue_name":"St. Maximilian Kolbe, West Homestead","venue_address":"363 W. 11th Ave. West Homestead, PA","website":"","phone":"","email":"","validated":false,"publish":false,"cartodb_id":41},{"venue_name":"St. Raphael, Morningside/Stanton Heights","venue_address":"1154 Chislett St. Pittsburgh, PA","website":"","phone":"","email":"","validated":false,"publish":false,"cartodb_id":44},{"venue_name":"St. Rosalia Academy, Greenfield","venue_address":"411 Greenfield Ave. Pittsburgh, PA","website":"","phone":"","email":"","validated":false,"publish":false,"cartodb_id":45},{"venue_name":"St. Elizabeth Anne Seton","venue_address":"200 Leger Road North Huntingdon, PA","website":"","phone":"","email":"","validated":false,"publish":false,"cartodb_id":133},{"venue_name":"St. Teresa of Avila, Perrysville","venue_address":"1000 Avila Court Pittsburgh, PA 15237","website":"","phone":"","email":"","validated":false,"publish":false,"cartodb_id":47},{"venue_name":"St. Thomas A Becket, Jefferson Hills","venue_address":"139 Gill Hall Road Pittsburgh, PA","website":"","phone":"","email":"","validated":false,"publish":false,"cartodb_id":49},{"venue_name":"St. Winifred, Mount Lebanon","venue_address":"550 Sleepy Hollow Road Pittsburgh, PA","website":"","phone":"","email":"","validated":false,"publish":false,"cartodb_id":52},{"venue_name":"Transfiguration/St. Victor, Bairdford","venue_address":"527 Bairdford Road Bairdford, PA","website":"","phone":"","email":"","validated":false,"publish":false,"cartodb_id":53},{"venue_name":"St. Joseph","venue_address":"17735 Bennetts Valley Highway, Force, PA","website":"","phone":"","email":"","validated":false,"publish":false,"cartodb_id":58},{"venue_name":"Holy Ghost Byzantine Catholic Church","venue_address":"828 Meadow Ave. Charleroi PA. 15022","website":"","phone":"","email":"","validated":false,"publish":false,"cartodb_id":67},{"venue_name":"Trinity United Christian Church","venue_address":"3400 Garvers Ferry Rd., Lower Burrell, PA","website":"","phone":"","email":"","validated":false,"publish":false,"cartodb_id":97},{"venue_name":"St. Michael","venue_address":"85 North High Street, Greenville, PA","website":"","phone":"","email":"","validated":false,"publish":false,"cartodb_id":152},{"venue_name":"Mahoning Township VFD","venue_address":"570 Jackson St Edinburg, Pennsylvania","website":"","phone":"","email":"","validated":false,"publish":false,"cartodb_id":119},{"venue_name":"St. Elias Byzantine","venue_address":"4200 Homestead-Duquesne Road, Munhall, PA 15120","website":"","phone":"","email":"","validated":false,"publish":false,"cartodb_id":158},{"venue_name":"Beaver Valley Yacht Club","venue_address":"219 Front St, New Brighton, PA 15066","website":"","phone":"","email":"","validated":false,"publish":false,"cartodb_id":162},{"venue_name":"Monongahela Elks Lodge","venue_address":"444 Jackson St, Monongahela, PA 15063","website":"","phone":"","email":"","validated":false,"publish":false,"cartodb_id":124},{"venue_name":"Polish National Union","venue_address":"510 Franklin Ave, Canonsburg, PA","website":"","phone":"","email":"","validated":false,"publish":false,"cartodb_id":68},{"venue_name":"American Legion Post 760, Bethel Park","venue_address":"2409 Bethel Church Rd., Bethel Park, PA 15102","website":"","phone":"","email":"","validated":false,"publish":false,"cartodb_id":96},{"venue_name":"Becker's Cafe","venue_address":"315 Olivia Street McKees Rocks PA","website":"","phone":"","email":"","validated":false,"publish":false,"cartodb_id":166},{"venue_name":"Cambria Suites - Reflect Bistro and Bar","venue_address":"451 Racetrack Road, Washington, PA 15301","website":"","phone":"","email":"","validated":false,"publish":false,"cartodb_id":173},{"venue_name":"Bulldog Pub","venue_address":"1818 Morningside Ave. Pittsburgh, PA 15206","website":"","phone":"","email":"","validated":false,"publish":false,"cartodb_id":171},{"venue_name":"UPTown diner (LUNCH ONLY)","venue_address":"4779 William Flynn Hwy Allison Park, PA 15101","website":"","phone":"","email":"","validated":false,"publish":false,"cartodb_id":156},{"venue_name":"Raccoon Township VFD","venue_address":"4061 Patterson Road Aliquippa, PA 15061","website":"","phone":"","email":"","validated":false,"publish":false,"cartodb_id":27},{"venue_name":"Shiloh Grill","venue_address":"123 Shiloh Street, Pittsburgh, PA","website":"","phone":"","email":"","validated":false,"publish":false,"cartodb_id":63},{"venue_name":"Zelienople Memorial Skate Park","venue_address":"308 W. New Castle St., Zelienople, PA","website":"","phone":"","email":"","validated":false,"publish":false,"cartodb_id":102},{"venue_name":"PJ's Deli","venue_address":"Bower Hill at McLaughlin Run, Bridgeville, PA","website":"","phone":"","email":"","validated":false,"publish":false,"cartodb_id":70},{"venue_name":"Doublewide Grill (Mars/Cranberry)","venue_address":"100 Adams Shoppes, Cranberry, PA","website":"","phone":"","email":"","validated":false,"publish":false,"cartodb_id":86},{"venue_name":"Coy's Store & Pizza Shop","venue_address":"1919 Route 422 Hwy E Penn Run, Pennsylvania 15765","website":"","phone":"","email":"","validated":false,"publish":false,"cartodb_id":135},{"venue_name":"The Pub Chip Shop","venue_address":"1830 E Carson St Pittsburgh, Pennsylvania","website":"","phone":"","email":"","validated":false,"publish":false,"cartodb_id":143},{"venue_name":"Eastern Area Prehospital Services","venue_address":"192 11th Street Turtle Creek, PA 15145","website":"","phone":"","email":"","validated":false,"publish":false,"cartodb_id":8},{"venue_name":"Ali's Marketplace - Gluten Free","venue_address":"B100 Blue Spruce Way, Murrysville, PA","website":"","phone":"","email":"","validated":false,"publish":false,"cartodb_id":98},{"venue_name":"Labriola's Italian Market","venue_address":"121 Hulton Road Verona, Pa 15147","website":"","phone":"","email":"","validated":false,"publish":false,"cartodb_id":111},{"venue_name":"Markle VFD","venue_address":"470 Joyce St., Apollo, PA","website":"","phone":"","email":"","validated":false,"publish":false,"cartodb_id":83},{"venue_name":"Rices Landing Volunteer Fire Department","venue_address":"66 Bayard Ave. Rices Landing, Pa. 15357","website":"","phone":"","email":"","validated":false,"publish":false,"cartodb_id":28},{"venue_name":"APRIL 1 ONLY: Keep Pittsburgh Fishy: Fry Another Day Secular Fish Fry","venue_address":"242 51st St., Pittsburgh, PA","website":"","phone":"","email":"","validated":false,"publish":false,"cartodb_id":180},{"venue_name":"Seward Volunteer Fire Company Auxiliary","venue_address":"1230 10th Street Seward, Pa. 15954","website":"","phone":"","email":"","validated":false,"publish":false,"cartodb_id":29},{"venue_name":"South Brownsville VFC","venue_address":"530 water street, Brownsville, PA","website":"","phone":"","email":"","validated":false,"publish":false,"cartodb_id":125},{"venue_name":"Patterson Township Vol. Fire Co.","venue_address":"407 Darlington Rd, Beaver Falls, PA 15010","website":"","phone":"","email":"","validated":false,"publish":false,"cartodb_id":76},{"venue_name":"North Braddock VFD","venue_address":"1318 Wolfe, North Braddock, PA","website":"","phone":"","email":"","validated":false,"publish":false,"cartodb_id":77},{"venue_name":"Bioni-Yeckel VFW Post 8308","venue_address":"446 Georgetown Rd. Lawrence, Pa. 15055","website":"","phone":"","email":"","validated":false,"publish":false,"cartodb_id":1},{"venue_name":"Our Place Homemade","venue_address":"105 Middle Ave., Wilmerding, PA","website":"","phone":"","email":"","validated":false,"publish":false,"cartodb_id":164},{"venue_name":"Greenock VFC","venue_address":"1002 Greenock Buena Vista Rd. Greenock, PA 15047","website":"","phone":"","email":"","validated":false,"publish":false,"cartodb_id":10},{"venue_name":"My Sister's Bistro","venue_address":"7205 State Route 22 Greensburg, Pennsylvania","website":"","phone":"","email":"","validated":false,"publish":false,"cartodb_id":144},{"venue_name":"Dravosburg Volunteer Fire Department #1","venue_address":"598 Ravine Street, Dravosburg, PA","website":"","phone":"","email":"","validated":false,"publish":false,"cartodb_id":61},{"venue_name":"Avella VFD","venue_address":"1560 Avella Rd., Avella, PA 15312","website":"","phone":"","email":"","validated":false,"publish":false,"cartodb_id":161},{"venue_name":"Rainbow VFC","venue_address":"2916 Jacks Run Road, White Oak, PA","website":"","phone":"","email":"","validated":false,"publish":false,"cartodb_id":71},{"venue_name":"Ford Cliff VFD","venue_address":"609 Neale Ave. Ford Cliff, Pa.","website":"","phone":"","email":"","validated":false,"publish":false,"cartodb_id":117},{"venue_name":"Harrison City VFD","venue_address":"1010 Mill St, Harrison City, PA 15636","website":"","phone":"","email":"","validated":false,"publish":false,"cartodb_id":118},{"venue_name":"Wilpen VFD","venue_address":"379 Wilpen Rd., Ligonier, PA","website":"","phone":"","email":"","validated":false,"publish":false,"cartodb_id":103},{"venue_name":"Moon Township VFC","venue_address":"1000 Beaver Grade Road, Moon Township, PA 15108","website":"","phone":"","email":"","validated":false,"publish":false,"cartodb_id":74},{"venue_name":"Hartford Heights Volunteer Fire Department","venue_address":"14335 U.S. 30, Irwin, PA 15642","website":"","phone":"","email":"","validated":false,"publish":false,"cartodb_id":90},{"venue_name":"North Irwin VFC","venue_address":"2nd St & Broadway Ave North Irwin, Pennsylvania 15642","website":"","phone":"","email":"","validated":false,"publish":false,"cartodb_id":91},{"venue_name":"Adamsburg VFD","venue_address":"495 Edna Rd, Adamsburg, Pennsylvania 15611","website":"","phone":"","email":"","validated":false,"publish":false,"cartodb_id":92},{"venue_name":"McGinnis Sisters","venue_address":"3825 Saw Mill Run Blvd, Pittsburgh, PA 15227","website":"","phone":"","email":"","validated":false,"publish":false,"cartodb_id":121},{"venue_name":"Fairmont-Hahntown VFD","venue_address":"890 Rose St, Irwin, PA 15642","website":"","phone":"","email":"","validated":false,"publish":false,"cartodb_id":93},{"venue_name":"McGinnis Sisters","venue_address":"4311 Northern Pike, Monroeville, PA","website":"","phone":"","email":"","validated":false,"publish":false,"cartodb_id":122},{"venue_name":"McGinnis Sisters","venue_address":"700 Adams Shoppes, Mars, PA","website":"","phone":"","email":"","validated":false,"publish":false,"cartodb_id":123},{"venue_name":"Ligonier Township VFD #1","venue_address":"44 firehall road, Ligonier, pa","website":"","phone":"","email":"","validated":false,"publish":false,"cartodb_id":127},{"venue_name":"Skyview VFC","venue_address":"660 Noble Dr., West Mifflin, PA","website":"","phone":"","email":"","validated":false,"publish":false,"cartodb_id":134},{"venue_name":"Brighton Township VFD Station 63","venue_address":"84 Grange Road Beaver, PA 15009","website":"","phone":"","email":"","validated":false,"publish":false,"cartodb_id":137},{"venue_name":"Marianna VFC","venue_address":"85 Broad Street, Marianna, PA","website":"","phone":"","email":"","validated":false,"publish":false,"cartodb_id":138},{"venue_name":"Shop N Go","venue_address":"2226 PA-837, West Elizabeth, PA 15088","website":"","phone":"","email":"","validated":false,"publish":false,"cartodb_id":139},{"venue_name":"Highland Hornets Youth Football and Cheerleading Fish Fry","venue_address":"Karns Road at Chevrolet Road, Natrona Heights, PA","website":"","phone":"","email":"","validated":false,"publish":false,"cartodb_id":140},{"venue_name":"Leechburg VFC","venue_address":"268 Canal Street Leechburg, PA","website":"","phone":"","email":"","validated":false,"publish":false,"cartodb_id":154},{"venue_name":"Coulter Fire Department","venue_address":"500 Railroad St, Coulter, PA 15028","website":"","phone":"","email":"","validated":false,"publish":false,"cartodb_id":155},{"venue_name":"American Serbian Club","venue_address":"2524 Sarah St., Pittsburgh, PA 15203","website":"","phone":"","email":"","validated":false,"publish":false,"cartodb_id":176}],"time":0.02,"fields":{"venue_name":{"type":"string"},"venue_address":{"type":"string"},"website":{"type":"string"},"phone":{"type":"string"},"email":{"type":"string"},"validated":{"type":"boolean"},"publish":{"type":"boolean"},"cartodb_id":{"type":"number"}},"total_rows":180}